date,dem_estimate,dem_hi,dem_lo,rep_estimate,rep_hi,rep_lo
2020-08-17,48.52678,52.244391,44.809168,41.233845,45.033301,37.434389
2020-08-16,48.515427,52.216156,44.814699,41.29224,45.059547,37.524932
2020-08-15,48.746124,52.479632,45.012616,41.280376,45.097494,37.463258
2020-08-14,48.744629,52.482395,45.006864,41.27248,45.088145,37.456816
2020-08-13,48.513222,52.373555,44.652889,40.87273,44.731667,37.013793
2020-08-12,48.517509,52.382371,44.652647,40.870825,44.728524,37.013126
2020-08-11,48.500023,52.335757,44.664289,40.890414,44.721818,37.059009
2020-08-10,48.507939,52.348233,44.667646,40.886481,44.717511,37.055451
2020-08-09,48.164466,52.063519,44.265414,40.43358,44.244488,36.622672
2020-08-08,48.178858,52.081554,44.276163,40.438891,44.250527,36.627256
2020-08-07,48.19194,52.098056,44.285824,40.443875,44.256528,36.631221
2020-08-06,48.207078,52.122941,44.291214,40.447426,44.265288,36.629565
2020-08-05,48.219029,52.137488,44.300569,40.452426,44.27047,36.634382
2020-08-04,48.248775,52.169801,44.327749,40.471739,44.318715,36.624763
2020-08-03,48.260693,52.180413,44.340973,40.472521,44.332199,36.612842
2020-08-02,48.45168,52.456776,44.446584,40.405973,44.401707,36.41024
2020-08-01,48.47047,52.476186,44.464753,40.413806,44.407625,36.419986
2020-07-31,48.489839,52.495482,44.484197,40.420418,44.411741,36.429095
2020-07-30,49.149695,53.168978,45.130411,40.783661,44.875126,36.692196
2020-07-29,49.152781,53.171702,45.13386,40.780685,44.869288,36.692082
2020-07-28,49.54347,53.521303,45.565636,41.018374,45.158521,36.878228
2020-07-27,49.538327,53.518183,45.55847,41.011581,45.147652,36.87551
2020-07-26,49.532732,53.514,45.551464,41.004967,45.137937,36.871998
2020-07-25,49.525941,53.507568,45.544315,40.996097,45.124764,36.867431
2020-07-24,49.519887,53.502153,45.537621,40.987855,45.113464,36.862245
2020-07-23,49.42541,53.443732,45.407087,41.247581,45.34221,37.152953
2020-07-22,49.017934,52.961921,45.073947,40.592595,44.467541,36.71765
2020-07-21,49.019443,52.959251,45.079634,40.717528,44.519426,36.915631
2020-07-20,49.0206,52.962004,45.079197,40.713831,44.517969,36.909694
2020-07-19,49.023169,52.966236,45.080101,40.710472,44.517159,36.903785
2020-07-18,49.023981,52.968406,45.079555,40.707314,44.515647,36.898982
2020-07-17,49.025587,52.971367,45.079807,40.704005,44.514025,36.893984
2020-07-16,49.026897,52.974503,45.079291,40.699742,44.511397,36.888087
2020-07-15,48.908908,52.891267,44.926549,40.677764,44.55439,36.801139
2020-07-14,49.434422,53.44512,45.423724,40.428702,44.278282,36.579122
2020-07-13,49.42873,53.440869,45.416591,40.428529,44.279717,36.577341
2020-07-12,49.423282,53.436726,45.409839,40.428088,44.280522,36.575655
2020-07-11,49.414373,53.429753,45.398993,40.427519,44.280802,36.574235
2020-07-10,49.405422,53.422293,45.388551,40.4264,44.280258,36.572542
2020-07-09,49.394983,53.413509,45.376457,40.425854,44.280009,36.5717
2020-07-08,49.386494,53.406494,45.366495,40.425462,44.280148,36.570776
2020-07-07,49.204179,53.224864,45.183493,40.389393,44.276278,36.502507
2020-07-06,49.200003,53.221597,45.178409,40.388789,44.275606,36.501971
2020-07-05,49.19484,53.218575,45.171104,40.389521,44.276508,36.502533
2020-07-04,49.191612,53.216602,45.166623,40.389912,44.277433,36.502391
2020-07-03,49.186876,53.213497,45.160255,40.391628,44.279101,36.504155
2020-07-02,49.183145,53.211222,45.155068,40.39281,44.280121,36.505499
2020-07-01,49.208073,53.335145,45.081001,40.264892,44.221214,36.308571
2020-06-30,48.985499,53.170392,44.800606,39.95465,43.974774,35.934525
2020-06-29,48.497889,52.77386,44.221918,40.759681,44.751614,36.767747
2020-06-28,48.617534,52.830749,44.404318,40.725793,44.723936,36.72765
2020-06-27,48.618302,52.830891,44.405712,40.720938,44.719979,36.721897
2020-06-26,48.619761,52.831113,44.408409,40.717432,44.716707,36.718157
2020-06-25,48.716028,52.994917,44.43714,40.593687,44.629564,36.557811
2020-06-24,48.717098,52.992961,44.441235,40.592799,44.628102,36.557495
2020-06-23,48.723496,53.013609,44.433383,40.527627,44.574735,36.480518
2020-06-22,48.370825,52.617293,44.124357,40.407552,44.551637,36.263467
2020-06-21,48.375082,52.618829,44.131334,40.408266,44.550464,36.266068
2020-06-20,48.379775,52.620778,44.138771,40.409175,44.548974,36.269376
2020-06-19,48.385537,52.623235,44.147839,40.410742,44.546849,36.274636
2020-06-18,48.391472,52.625997,44.156946,40.412644,44.545497,36.279791
2020-06-17,48.555617,52.868572,44.242662,40.730403,44.834599,36.626206
2020-06-16,48.518575,52.862148,44.175002,40.594035,44.631557,36.556513
2020-06-15,48.522442,52.861794,44.183091,40.595917,44.63176,36.560074
2020-06-14,48.528778,52.861662,44.195894,40.60604,44.633805,36.578275
2020-06-13,48.531725,52.859684,44.203766,40.607167,44.63322,36.581114
2020-06-12,48.534884,52.857941,44.211828,40.608041,44.633503,36.58258
2020-06-11,48.538525,52.85697,44.22008,40.608859,44.633835,36.583884
2020-06-10,48.547652,52.864752,44.230552,40.573652,44.615057,36.532247
2020-06-09,48.589891,52.918234,44.261548,40.60264,44.652997,36.552283
2020-06-08,49.044328,53.308151,44.780506,40.604624,44.741408,36.46784
2020-06-07,49.025669,53.290754,44.760585,40.602917,44.736796,36.469038
2020-06-06,48.68578,53.020236,44.351324,40.896836,45.183011,36.610661
2020-06-05,48.685475,53.01529,44.35566,40.893158,45.174048,36.612268
2020-06-04,48.684529,53.010009,44.35905,40.890045,45.164643,36.615447
2020-06-03,48.681952,53.010081,44.353823,40.915374,45.176585,36.654163
2020-06-02,48.160301,52.412036,43.908565,40.459069,44.795997,36.12214
2020-06-01,48.167358,52.41593,43.918785,40.461502,44.791641,36.131364
2020-05-31,48.179205,52.419144,43.939265,40.503586,44.811588,36.195585
2020-05-30,48.183955,52.422795,43.945115,40.503553,44.806454,36.200652
2020-05-29,48.188221,52.4253,43.951143,40.501704,44.79889,36.204518
2020-05-28,48.172359,52.406669,43.938048,40.494459,44.793305,36.195613
2020-05-27,48.172142,52.410572,43.933712,40.478305,44.781442,36.175168
2020-05-26,48.228407,52.502832,43.953983,40.271519,44.472427,36.070612
2020-05-25,48.207099,52.485138,43.92906,40.243287,44.456424,36.030151
2020-05-24,48.211066,52.486387,43.935746,40.249761,44.460456,36.039067
2020-05-23,48.214278,52.486927,43.94163,40.25638,44.46428,36.048481
2020-05-22,48.218035,52.487977,43.948093,40.263432,44.468571,36.058292
2020-05-21,48.226679,52.49912,43.954237,40.287662,44.486849,36.088475
2020-05-20,48.230639,52.500441,43.960838,40.294743,44.490866,36.098619
2020-05-19,48.281744,52.548507,44.014981,40.385476,44.563517,36.207435
2020-05-18,48.410846,52.732786,44.088907,40.527259,44.731951,36.322566
2020-05-17,48.45083,52.747629,44.154032,40.571151,44.742452,36.399849
2020-05-16,48.452613,52.746628,44.158598,40.575847,44.74415,36.407544
2020-05-15,48.455491,52.746757,44.164224,40.581033,44.7465,36.415566
2020-05-14,48.459802,52.748119,44.171485,40.587435,44.749956,36.424915
2020-05-13,48.464615,52.751922,44.177308,40.609729,44.764554,36.454904
2020-05-12,48.459356,52.745636,44.173076,40.547724,44.700466,36.394982
2020-05-11,48.463103,52.746464,44.179742,40.555033,44.705607,36.404459
2020-05-10,48.470679,52.745731,44.195627,40.535741,44.691689,36.379794
2020-05-09,48.475144,52.747052,44.203235,40.544441,44.697099,36.391783
2020-05-08,48.478791,52.74704,44.210541,40.553005,44.702347,36.403664
2020-05-07,48.482495,52.747073,44.217916,40.561489,44.707216,36.415763
2020-05-06,48.492997,52.753964,44.232031,40.574865,44.716348,36.433382
2020-05-05,47.872252,52.054092,43.690413,40.30781,44.572334,36.043286
2020-05-04,47.958005,52.105355,43.810655,40.259022,44.530166,35.987878
2020-05-03,47.970647,52.11062,43.830675,40.278457,44.539108,36.017806
2020-05-02,47.98047,52.117992,43.842948,40.291258,44.547099,36.035418
2020-05-01,47.99218,52.127015,43.857345,40.305093,44.555905,36.05428
2020-04-30,48.001074,52.133992,43.868156,40.317583,44.564546,36.07062
2020-04-29,48.0114,52.14566,43.877139,40.308299,44.568413,36.048186
2020-04-28,48.252385,52.290604,44.214165,40.408972,44.646022,36.171921
2020-04-27,48.25546,52.293399,44.217522,40.417437,44.650568,36.184306
2020-04-26,48.066043,52.154447,43.977639,40.493549,44.79558,36.191518
2020-04-25,48.072064,52.159315,43.984813,40.501335,44.799204,36.203466
2020-04-24,48.079047,52.165626,43.992468,40.509531,44.802943,36.21612
2020-04-23,48.083779,52.169766,43.997793,40.517005,44.805901,36.228109
2020-04-22,48.128604,52.198771,44.058436,40.51965,44.807912,36.231388
2020-04-21,48.437579,52.485198,44.389961,40.425107,44.705452,36.144763
2020-04-20,48.622901,52.672732,44.573071,40.783164,44.910467,36.65586
2020-04-19,48.64644,52.678787,44.614094,40.743244,44.896585,36.589903
2020-04-18,48.644616,52.679259,44.609974,40.748348,44.899892,36.596804
2020-04-17,48.64228,52.679743,44.604816,40.753265,44.903052,36.603477
2020-04-16,48.640028,52.680862,44.599193,40.758145,44.905929,36.610362
2020-04-15,48.587213,52.665131,44.509296,40.811231,44.917282,36.70518
2020-04-14,48.649368,52.700667,44.59807,40.805204,44.899114,36.711294
2020-04-13,48.645551,52.698841,44.59226,40.808949,44.901374,36.716524
2020-04-12,48.916677,52.988891,44.844462,41.145872,45.185408,37.106337
2020-04-11,48.910186,52.986535,44.833837,41.147059,45.187027,37.107092
2020-04-10,48.903579,52.983345,44.823814,41.148443,45.188824,37.108062
2020-04-09,48.897067,52.98033,44.813804,41.14995,45.191059,37.10884
2020-04-08,48.889828,52.976979,44.802677,41.150993,45.193348,37.108638
2020-04-07,48.915815,53.007424,44.824206,41.187228,45.225507,37.148949
2020-04-06,48.931903,53.003438,44.860367,41.216959,45.216932,37.216986
2020-04-05,48.924115,52.998718,44.849512,41.217676,45.21785,37.217502
2020-04-04,48.915219,52.993192,44.837246,41.218628,45.219664,37.217592
2020-04-03,48.906243,52.986669,44.825816,41.218924,45.221045,37.216802
2020-04-02,48.897455,52.980298,44.814612,41.21904,45.221836,37.216244
2020-04-01,48.888434,52.974541,44.802327,41.219422,45.223915,37.21493
2020-03-31,48.757274,52.929776,44.584771,41.32518,45.481251,37.169109
2020-03-30,48.7495,52.923182,44.575818,41.323836,45.479145,37.168527
2020-03-29,48.741608,52.916035,44.56718,41.323422,45.478351,37.168494
2020-03-28,48.734,52.909761,44.55824,41.32235,45.476862,37.167838
2020-03-27,48.725014,52.901923,44.548106,41.320849,45.474936,37.166763
2020-03-26,48.733869,52.951885,44.515853,41.224512,45.336077,37.112947
2020-03-25,48.723757,52.942018,44.505495,41.226284,45.339477,37.113091
2020-03-24,48.807683,53.031158,44.584207,41.324251,45.417973,37.230529
2020-03-23,48.825343,53.041065,44.609622,41.398215,45.442695,37.353735
2020-03-22,48.809226,53.02476,44.593692,41.397999,45.444901,37.351096
2020-03-21,48.795875,53.011022,44.580727,41.397299,45.446241,37.348356
2020-03-20,48.780599,52.995854,44.565343,41.39636,45.447344,37.345376
2020-03-19,48.766386,52.98177,44.551002,41.395337,45.448779,37.341895
2020-03-18,48.753357,52.968261,44.538452,41.3933,45.448709,37.337891
2020-03-17,48.746403,52.962646,44.530159,41.452881,45.499365,37.406396
2020-03-16,48.733343,52.949095,44.517591,41.449765,45.498473,37.401057
2020-03-15,48.83511,53.110069,44.560151,41.702091,45.760402,37.643781
2020-03-14,48.819833,53.093944,44.545722,41.696707,45.757771,37.635642
2020-03-13,48.807109,53.080479,44.533739,41.691434,45.755072,37.627796
2020-03-12,48.792117,53.064605,44.519628,41.685283,45.75146,37.619106
2020-03-11,48.778247,53.049745,44.506749,41.679304,45.748266,37.610342
2020-03-10,48.857106,53.134944,44.579268,41.621713,45.689625,37.5538
2020-03-09,48.841603,53.118457,44.564748,41.61671,45.687261,37.546159
2020-03-08,48.072693,52.056566,44.08882,41.121941,45.167233,37.076649
2020-03-07,48.064131,52.050388,44.077873,41.12371,45.172444,37.074977
2020-03-06,48.056071,52.044402,44.067741,41.125092,45.176956,37.073228
2020-03-05,48.048425,52.038433,44.058418,41.126441,45.181363,37.07152
2020-03-04,48.039185,52.031643,44.046728,41.129145,45.188155,37.070135
2020-03-03,47.945234,51.880675,44.009793,41.21943,45.23413,37.20473
2020-03-02,47.938997,51.876994,44.000999,41.219459,45.238133,37.200786
2020-03-01,47.77639,51.643028,43.909752,41.252616,45.266021,37.239211
2020-02-29,47.771533,51.641286,43.901779,41.252905,45.270532,37.235279
2020-02-28,47.766774,51.639791,43.893757,41.252726,45.273897,37.231556
2020-02-27,47.761715,51.638253,43.885176,41.252794,45.278213,37.227375
2020-02-26,47.756064,51.636728,43.875399,41.252823,45.283207,37.222438
2020-02-25,47.752032,51.633778,43.870285,41.279978,45.311899,37.248058
2020-02-24,47.746851,51.632379,43.861323,41.278723,45.315205,37.242242
2020-02-23,47.755598,51.620976,43.89022,41.288806,45.297652,37.27996
2020-02-22,47.749935,51.619089,43.880781,41.287654,45.300585,37.274724
2020-02-21,47.743357,51.615931,43.870783,41.285857,45.30268,37.269033
2020-02-20,47.73635,51.612026,43.860674,41.283519,45.303892,37.263147
2020-02-19,47.730434,51.609624,43.851245,41.280473,45.304865,37.256082
2020-02-18,47.342274,51.383351,43.301197,41.786666,45.989853,37.583479
2020-02-17,47.340384,51.383262,43.297505,41.776139,45.981209,37.571069
2020-02-16,47.338836,51.383537,43.294135,41.765729,45.973187,37.558271
2020-02-15,47.337366,51.383676,43.291056,41.754037,45.963994,37.544079
2020-02-14,47.335982,51.384154,43.28781,41.741848,45.954314,37.529383
2020-02-13,47.334446,51.384284,43.284607,41.730598,45.945268,37.515928
2020-02-12,47.304918,51.424986,43.18485,41.674636,45.85587,37.493402
2020-02-11,47.279577,51.402951,43.156202,41.718016,45.902304,37.533728
2020-02-10,47.246125,51.365693,43.126557,41.545854,45.725317,37.366391
2020-02-09,47.245527,51.365585,43.125469,41.536892,45.719263,37.354521
2020-02-08,47.24521,51.365822,43.124599,41.526627,45.711871,37.341384
2020-02-07,47.244458,51.366088,43.122828,41.51891,45.707207,37.330612
2020-02-06,47.243791,51.366188,43.121395,41.510539,45.701684,37.319394
2020-02-05,47.243311,51.366542,43.120081,41.499662,45.693854,37.305471
2020-02-04,47.205836,51.300839,43.110833,41.494024,45.655749,37.332299
2020-02-03,47.205862,51.301109,43.110616,41.483297,45.647295,37.319299
2020-02-02,47.206118,51.301273,43.110962,41.472159,45.638383,37.305935
2020-02-01,46.92366,51.08757,42.759749,41.270509,45.483142,37.057875
2020-01-31,46.930016,51.088156,42.771875,41.250409,45.461341,37.039477
2020-01-30,46.93622,51.094005,42.778436,41.242109,45.455467,37.02875
2020-01-29,46.940937,51.098947,42.782926,41.2351,45.45237,37.017831
2020-01-28,46.872377,51.032845,42.711909,41.359235,45.574863,37.143606
2020-01-27,46.711613,50.902028,42.521199,41.328872,45.534593,37.12315
2020-01-26,46.720405,50.90928,42.53153,41.31942,45.528076,37.110764
2020-01-25,46.730554,50.918235,42.542874,41.308893,45.520337,37.097448
2020-01-24,46.738182,50.925863,42.550501,41.300254,45.51473,37.085777
2020-01-23,46.745845,50.93324,42.558451,41.291846,45.509707,37.073984
2020-01-22,46.755367,50.944297,42.566438,41.282842,45.50505,37.060634
2020-01-21,46.939349,51.069797,42.8089,41.155448,45.303277,37.00762
2020-01-20,46.942617,51.073035,42.8122,41.150057,45.300597,36.999517
2020-01-19,46.947963,51.078311,42.817615,41.142957,45.297441,36.988474
2020-01-18,46.951337,51.081923,42.820751,41.137882,45.296759,36.979006
2020-01-17,46.956043,51.087679,42.824407,41.132387,45.294843,36.969931
2020-01-16,46.960657,51.093513,42.827801,41.125978,45.291948,36.960009
2020-01-15,46.965933,51.10163,42.830237,41.121264,45.291237,36.95129
2020-01-14,47.536092,51.52868,43.543503,40.903461,45.081777,36.725145
2020-01-13,47.531594,51.526255,43.536932,40.900834,45.081709,36.719959
2020-01-12,47.526849,51.524642,43.529055,40.898226,45.082027,36.714424
2020-01-11,47.522499,51.525019,43.51998,40.896185,45.08318,36.709191
2020-01-10,47.51768,51.525255,43.510105,40.894087,45.08368,36.704495
2020-01-09,47.513029,51.52607,43.499988,40.89229,45.084967,36.699612
2020-01-08,47.508239,51.527318,43.48916,40.890215,45.08679,36.693641
2020-01-07,47.505615,51.463536,43.547694,40.902419,45.04716,36.757678
2020-01-06,47.50122,51.462112,43.540328,40.90018,45.047087,36.753272
2020-01-05,47.496507,51.462009,43.531005,40.898045,45.0476,36.74849
2020-01-04,47.49157,51.461741,43.521399,40.89612,45.047949,36.744291
2020-01-03,47.486966,51.461663,43.51227,40.893956,45.048555,36.739356
2020-01-02,47.482099,51.460642,43.503555,40.891777,45.049176,36.734378
2020-01-01,47.477053,51.460513,43.493592,40.889573,45.050579,36.728568
2019-12-31,47.38635,51.284956,43.487744,40.901499,45.015101,36.787898
2019-12-30,47.382277,51.284524,43.48003,40.899572,45.01456,36.784584
2019-12-29,47.378832,51.285984,43.47168,40.89774,45.015093,36.780386
2019-12-28,47.375353,51.286676,43.464029,40.895744,45.015607,36.77588
2019-12-27,47.371142,51.286575,43.45571,40.893882,45.016469,36.771294
2019-12-26,47.368513,51.287974,43.449052,40.893228,45.01822,36.768236
2019-12-25,47.365276,51.289223,43.44133,40.892501,45.020275,36.764727
2019-12-24,47.394156,51.272564,43.515747,40.862741,44.9496,36.775883
2019-12-23,47.389901,51.271601,43.508201,40.861068,44.949983,36.772152
2019-12-22,47.375508,51.305279,43.445737,40.719407,44.748221,36.690593
2019-12-21,47.370036,51.303752,43.436319,40.720024,44.752735,36.687313
2019-12-20,47.365598,51.302532,43.428665,40.720003,44.755973,36.684034
2019-12-19,47.360123,51.30075,43.419497,40.719785,44.759619,36.679951
2019-12-18,47.353693,51.297753,43.409633,40.718726,44.762362,36.67509
2019-12-17,47.174683,51.097723,43.251643,40.582038,44.633202,36.530874
2019-12-16,47.172545,51.098388,43.246702,40.584695,44.638522,36.530867
2019-12-15,47.170498,51.099585,43.241411,40.587062,44.644113,36.530011
2019-12-14,47.168244,51.100316,43.236172,40.589284,44.649348,36.52922
2019-12-13,47.165856,51.100591,43.231122,40.591344,44.654254,36.528434
2019-12-12,47.164001,51.10129,43.226712,40.593352,44.659167,36.527537
2019-12-11,47.179011,51.192064,43.165959,40.741191,44.875689,36.606693
2019-12-10,47.152645,51.120221,43.185069,40.748641,44.842073,36.655209
2019-12-09,47.150599,51.120017,43.181181,40.74926,44.844785,36.653736
2019-12-08,46.799177,50.710987,42.887367,41.106265,45.257995,36.954535
2019-12-07,46.799297,50.714372,42.884222,41.10377,45.258511,36.94903
2019-12-06,46.799356,50.717131,42.881581,41.101034,45.258571,36.943498
2019-12-05,46.799156,50.721918,42.876394,41.09757,45.260311,36.934829
2019-12-04,46.79859,50.727495,42.869686,41.094136,45.263245,36.925026
2019-12-03,46.807752,50.690622,42.924883,41.067988,45.19,36.945976
2019-12-02,46.661206,50.542288,42.780125,41.003698,45.170517,36.836879
2019-12-01,46.662065,50.546782,42.777349,41.00217,45.171766,36.832575
2019-11-30,46.662414,50.550974,42.773855,40.999649,45.172942,36.826357
2019-11-29,46.662202,50.556436,42.767969,40.996822,45.175282,36.818362
2019-11-28,46.661553,50.561512,42.761593,40.99381,45.177652,36.809967
2019-11-27,46.660563,50.566851,42.754276,40.989777,45.179137,36.800417
2019-11-26,46.66964,50.574047,42.765233,40.961857,45.148515,36.775199
2019-11-25,46.775163,50.690178,42.860149,41.056558,45.225259,36.887857
2019-11-24,46.773515,50.693115,42.853914,41.051889,45.224853,36.878926
2019-11-23,46.771565,50.696562,42.846568,41.047154,45.22501,36.869297
2019-11-22,46.769813,50.699452,42.840174,41.042789,45.225363,36.860214
2019-11-21,46.766818,50.701685,42.831951,41.037305,45.225489,36.849121
2019-11-20,46.763548,50.703753,42.823344,41.031253,45.225257,36.837249
2019-11-19,46.816007,50.730362,42.901652,41.074449,45.232797,36.916101
2019-11-18,46.802471,50.85074,42.754202,41.09013,45.368609,36.81165
2019-11-17,46.798455,50.851319,42.745592,41.082441,45.36528,36.799603
2019-11-16,46.795158,50.851614,42.738701,41.075547,45.362315,36.788779
2019-11-15,46.791601,50.85137,42.731832,41.068123,45.35887,36.777375
2019-11-14,46.788141,50.851371,42.724911,41.060438,45.355069,36.765806
2019-11-13,46.784691,50.854071,42.715311,41.053626,45.355271,36.75198
2019-11-12,46.72663,50.772144,42.681117,41.0655,45.365425,36.765576
2019-11-11,46.729851,50.749463,42.71024,41.10669,45.363666,36.849715
2019-11-10,46.728284,50.75164,42.704928,41.099199,45.360369,36.838029
2019-11-09,46.725737,50.752633,42.698841,41.089407,45.35455,36.824265
2019-11-08,46.722829,50.753812,42.691846,41.081455,45.351675,36.811235
2019-11-07,46.697248,50.804692,42.589803,41.295563,45.613641,36.977484
2019-11-06,46.693927,50.807145,42.58071,41.285764,45.611061,36.960467
2019-11-05,46.704101,50.781762,42.62644,41.262725,45.547629,36.977821
2019-11-04,46.672362,50.700667,42.644057,41.041145,45.328741,36.75355
2019-11-03,46.668787,50.701459,42.636116,41.033188,45.325956,36.74042
2019-11-02,46.397097,50.414001,42.380192,40.927774,45.27898,36.576568
2019-11-01,46.396053,50.418329,42.373778,40.92072,45.277788,36.563652
2019-10-31,46.394853,50.422504,42.367201,40.913607,45.276131,36.551082
2019-10-30,46.39398,50.427801,42.360159,40.905767,45.274424,36.537111
2019-10-29,46.648645,50.772861,42.524429,40.409524,44.645798,36.17325
2019-10-28,46.64684,50.773727,42.519954,40.405547,44.646929,36.164165
2019-10-27,46.644677,50.776737,42.512617,40.401616,44.65099,36.152241
2019-10-26,46.642448,50.77924,42.505657,40.397534,44.654444,36.140625
2019-10-25,46.6404,50.78147,42.49934,40.39457,44.65897,36.13017
2019-10-24,46.64824,50.83326,42.46321,40.3376,44.57792,36.09727
2019-10-23,46.64467,50.83505,42.45428,40.33887,44.58676,36.09099
2019-10-22,46.61763,50.78591,42.44934,40.3301,44.55841,36.10179
2019-10-21,46.61717,50.78851,42.44582,40.3403,44.56986,36.11074
2019-10-20,46.61544,50.79018,42.44071,40.33772,44.57553,36.0999
2019-10-19,46.61404,50.79313,42.43496,40.33614,44.58315,36.08914
2019-10-18,46.6241,50.79133,42.45686,40.32357,44.57166,36.07549
2019-10-17,46.62327,50.78565,42.46089,40.31409,44.56297,36.0652
2019-10-16,46.63026,50.78395,42.47658,40.30826,44.55732,36.05921
2019-10-15,46.55759,50.69633,42.41885,40.34586,44.60712,36.08461
2019-10-14,46.16936,50.36176,41.97697,39.9946,44.28389,35.70531
2019-10-13,46.1465,50.34454,41.94846,40.08598,44.33111,35.84084
2019-10-12,46.14955,50.35238,41.94672,40.08556,44.33942,35.8317
2019-10-11,46.15236,50.36126,41.94345,40.08596,44.34889,35.82302
2019-10-10,46.15164,50.35744,41.94584,40.08614,44.34466,35.82762
2019-10-09,46.84031,51.16859,42.51204,40.18811,44.7089,35.66732
2019-10-08,46.91247,51.26868,42.55626,40.03913,44.55721,35.52105
2019-10-07,46.89501,51.22849,42.56153,40.04539,44.52694,35.56384
2019-10-06,46.89267,51.23162,42.55373,40.04708,44.5363,35.55785
2019-10-05,46.88932,51.23374,42.54489,40.04895,44.54684,35.55106
2019-10-04,46.91763,51.24057,42.5947,40.02098,44.52187,35.52008
2019-10-03,46.90491,51.22741,42.5824,40.00826,44.50834,35.50818
2019-10-02,46.91618,51.22478,42.60757,40.01859,44.50917,35.52801
2019-10-01,46.79657,51.1877,42.40545,39.89654,44.46478,35.3283
2019-09-30,46.79758,51.1695,42.42567,39.88017,44.43277,35.32756
2019-09-29,46.79544,51.17237,42.4185,39.88213,44.44373,35.32054
2019-09-28,46.79355,51.17372,42.41339,39.88371,44.45168,35.31574
2019-09-27,46.79586,51.18,42.41173,39.88061,44.45765,35.30358
2019-09-26,46.78446,51.25709,42.31182,40.02592,44.69654,35.35531
2019-09-25,46.79462,51.25529,42.33395,40.01021,44.67851,35.34192
2019-09-24,46.81752,51.30174,42.33329,40.0184,44.71062,35.32618
2019-09-23,46.8068,51.26634,42.34726,40.01696,44.67719,35.35673
2019-09-22,46.8039,51.26691,42.34089,40.01768,44.68391,35.35144
2019-09-21,46.80098,51.26773,42.33422,40.01879,44.69142,35.34616
2019-09-20,46.80334,51.26412,42.34256,39.99981,44.67303,35.3266
2019-09-19,46.78735,51.24686,42.32784,40.00001,44.66711,35.33292
2019-09-18,46.7856,51.23808,42.33311,40.00608,44.66587,35.34629
2019-09-17,46.80581,51.28514,42.32647,40.00705,44.69074,35.32336
2019-09-16,46.80737,51.27785,42.33688,40.00341,44.68178,35.32504
2019-09-15,46.88963,51.37407,42.4052,40.01473,44.71236,35.3171
2019-09-14,46.43975,50.96507,41.91443,39.82337,44.70257,34.94417
2019-09-13,46.44053,50.95953,41.92153,39.77914,44.66338,34.89491
2019-09-12,46.43738,50.94877,41.92599,39.77767,44.65457,34.90076
2019-09-11,46.44944,51.02625,41.87263,39.74813,44.65877,34.83748
2019-09-10,46.32343,50.8813,41.76555,39.82413,44.76095,34.88731
2019-09-09,46.32858,50.85334,41.80381,39.81292,44.71899,34.90685
2019-09-08,46.32648,50.85433,41.79864,39.81559,44.72642,34.90475
2019-09-07,46.32433,50.8555,41.79316,39.81862,44.73435,34.90289
2019-09-06,46.3258,50.85104,41.80056,39.82887,44.73573,34.92201
2019-09-05,46.31952,50.83807,41.80096,39.84674,44.74091,34.95257
2019-09-04,46.30021,50.81679,41.78362,39.84694,44.73462,34.95926
2019-09-03,46.36684,50.91931,41.81437,39.71645,44.62251,34.81038
2019-09-02,46.39014,50.89521,41.88508,39.7198,44.58178,34.85783
2019-09-01,46.38593,50.89455,41.8773,39.72641,44.59299,34.85982
2019-08-31,46.38185,50.89474,41.86896,39.73233,44.60546,34.85921
2019-08-30,46.3774,50.89615,41.85866,39.73793,44.61871,34.85715
2019-08-29,46.37306,50.88554,41.86059,39.72443,44.6037,34.84516
2019-08-28,46.36831,50.87469,41.86192,39.72646,44.6007,34.85221
2019-08-27,46.33921,50.84566,41.83276,39.8362,44.71917,34.95324
2019-08-26,46.26386,50.81778,41.70993,39.83502,44.75277,34.91727
2019-08-25,46.22643,50.7718,41.68106,39.8508,44.74462,34.95699
2019-08-24,46.22306,50.77345,41.67267,39.8542,44.75478,34.95363
2019-08-23,46.22149,50.76766,41.67532,39.85015,44.74799,34.95232
2019-08-22,46.20727,50.75194,41.66261,39.852,44.7441,34.95989
2019-08-21,46.209,50.74599,41.672,39.8539,44.74046,34.96733
2019-08-20,46.24121,50.79167,41.69075,39.85416,44.76376,34.94456
2019-08-19,46.22839,50.75634,41.70044,39.86655,44.74377,34.98933
2019-08-18,46.12503,50.79589,41.45416,39.87093,44.9161,34.82577
2019-08-17,46.12163,50.79664,41.44661,39.87407,44.9257,34.82244
2019-08-16,46.1198,50.79103,41.44857,39.86878,44.91798,34.81958
2019-08-15,46.13541,50.7937,41.47713,39.86505,44.90969,34.8204
2019-08-14,46.14678,50.79469,41.49887,39.86102,44.90096,34.82108
2019-08-13,46.09188,50.7454,41.43837,39.90766,44.97187,34.84344
2019-08-12,46.18119,50.86322,41.49917,39.92356,45.02335,34.82378
2019-08-11,46.14579,50.81846,41.47312,39.93604,45.01466,34.85741
2019-08-10,46.1421,50.81876,41.46543,39.93864,45.0219,34.85537
2019-08-09,46.13969,50.81293,41.46645,39.93319,45.01382,34.85256
2019-08-08,46.14108,50.80613,41.47602,39.9154,44.994,34.8368
2019-08-07,46.15625,50.80859,41.50392,39.91631,44.98871,34.84391
2019-08-06,46.09579,50.75203,41.43954,40.00037,45.09214,34.90859
2019-08-05,46.09354,50.74335,41.44373,40.00048,45.08597,34.91499
2019-08-04,46.10696,50.73761,41.47632,39.99811,45.06829,34.92793
2019-08-03,46.10425,50.74057,41.46793,40.00154,45.07655,34.92652
2019-08-02,46.09782,50.72937,41.46626,40.00642,45.07424,34.9386
2019-08-01,46.07744,50.70791,41.44698,40.02567,45.08215,34.96918
2019-07-31,46.07468,50.69939,41.44997,40.02669,45.0774,34.97598
2019-07-30,45.85197,50.52245,41.1815,40.26167,45.3907,35.13263
2019-07-29,46.06879,50.70877,41.42881,40.1701,45.32003,35.02016
2019-07-28,46.26608,51.01792,41.51424,39.83081,45.03923,34.62239
2019-07-27,46.26342,51.01987,41.50697,39.83454,45.04768,34.6214
2019-07-26,46.24271,51.00017,41.48524,39.85066,45.05715,34.64417
2019-07-25,46.22474,50.97892,41.47056,39.84631,45.04634,34.64628
2019-07-24,46.22941,50.97467,41.48415,39.84141,45.03569,34.64712
2019-07-23,46.2438,51.00522,41.48238,39.78093,45.0089,34.55296
2019-07-22,46.25478,50.98262,41.52694,39.77521,44.97434,34.57608
2019-07-21,46.24804,50.96999,41.52608,39.77873,44.971,34.58646
2019-07-20,46.24651,50.97242,41.5206,39.78404,44.97956,34.58852
2019-07-19,46.24532,50.97541,41.51524,39.78997,44.9888,34.59115
2019-07-18,46.22449,50.952,41.49697,39.79322,44.98505,34.60138
2019-07-17,46.20903,50.93372,41.48435,39.81065,44.99311,34.6282
2019-07-16,46.21794,50.95608,41.4798,39.76233,44.97163,34.55303
2019-07-15,46.2505,50.99409,41.5069,39.91531,45.10061,34.73001
2019-07-14,46.2486,50.99512,41.50208,39.92063,45.10835,34.73291
2019-07-13,46.24681,50.99665,41.49697,39.92585,45.11617,34.73553
2019-07-12,46.24743,50.99327,41.50159,39.92553,45.1118,34.73925
2019-07-11,46.26704,50.9999,41.53419,39.93577,45.11338,34.75816
2019-07-10,46.26678,50.99253,41.54103,39.94491,45.11423,34.77559
2019-07-09,46.25336,50.99881,41.5079,40.09554,45.27317,34.9179
2019-07-08,46.26737,50.98225,41.55249,40.09652,45.24896,34.94408
2019-07-07,46.26543,50.98402,41.54683,40.1004,45.2545,34.9463
2019-07-06,46.24971,50.94524,41.55418,40.10244,45.23222,34.97265
2019-07-05,46.24624,50.94576,41.54672,40.10572,45.23747,34.97397
2019-07-04,46.24249,50.94617,41.5388,40.10896,45.24229,34.97562
2019-07-03,46.23845,50.94632,41.53058,40.11223,45.24718,34.97728
2019-07-02,46.0797,50.79528,41.36413,40.19974,45.35701,35.04247
2019-07-01,46.06042,50.78751,41.33332,40.30474,45.44962,35.15986
2019-06-30,46.05925,50.76995,41.34855,40.31923,45.4441,35.19435
2019-06-29,46.05848,50.77311,41.34385,40.31758,45.44431,35.19085
2019-06-28,46.05723,50.76869,41.34577,40.31369,45.43526,35.19211
2019-06-27,46.05645,50.76209,41.35081,40.3126,45.42752,35.19768
2019-06-26,46.05516,50.75515,41.35517,40.31006,45.41801,35.20211
2019-06-25,46.00704,50.805,41.20909,39.92038,45.00039,34.84036
2019-06-24,46.01987,50.83928,41.20045,39.84026,44.94758,34.73295
2019-06-23,46.03512,50.83317,41.23707,39.84153,44.93167,34.75139
2019-06-22,46.03408,50.83483,41.23334,39.84573,44.93857,34.75288
2019-06-21,46.04984,50.8428,41.25688,39.84185,44.9299,34.75379
2019-06-20,46.04391,50.83138,41.25643,39.84422,44.92564,34.76279
2019-06-19,46.01279,50.80075,41.22482,39.83319,44.91101,34.75536
2019-06-18,46.08476,50.91589,41.25363,39.92918,45.0593,34.79907
2019-06-17,46.11752,50.91557,41.31947,39.94883,45.04912,34.84854
2019-06-16,46.11482,50.91499,41.31464,39.95296,45.05476,34.85115
2019-06-15,46.11231,50.91471,41.30991,39.95706,45.06039,34.85372
2019-06-14,46.09528,50.89749,41.29308,39.93633,45.03815,34.83451
2019-06-13,46.10604,50.8991,41.31298,39.92536,45.0233,34.82741
2019-06-12,46.0873,50.87768,41.29693,39.9311,45.02127,34.84093
2019-06-11,45.88809,50.77367,41.00251,40.14495,45.26501,35.02489
2019-06-10,45.89508,50.75416,41.03601,40.16044,45.25133,35.06956
2019-06-09,45.88709,50.74939,41.02479,40.16163,45.25344,35.06982
2019-06-08,45.88683,50.7508,41.02287,40.16334,45.25641,35.07027
2019-06-07,45.90189,50.75822,41.04557,40.14252,45.23337,35.05168
2019-06-06,45.89607,50.74657,41.04556,40.14805,45.23045,35.06564
2019-06-05,45.8773,50.7244,41.03019,40.16652,45.23747,35.09558
2019-06-04,46.13968,51.1207,41.15865,40.08778,45.25341,34.92216
2019-06-03,46.13376,51.08899,41.17852,40.09133,45.22815,34.95451
2019-06-02,46.10822,51.14426,41.07217,40.06861,45.27438,34.86283
2019-06-01,46.10603,51.1425,41.06956,40.0698,45.27604,34.86355
2019-05-31,46.10069,51.13232,41.06905,40.04514,45.24833,34.84195
2019-05-30,46.11727,51.13606,41.09848,40.04374,45.23826,34.84922
2019-05-29,46.11303,51.12376,41.1023,40.02679,45.21618,34.83739
2019-05-28,45.38387,50.54089,40.22686,40.40746,45.74811,35.06682
2019-05-27,45.40448,50.5519,40.25706,40.38145,45.71735,35.04555
2019-05-26,45.40505,50.55338,40.25673,40.37756,45.71352,35.04161
2019-05-25,45.40477,50.55437,40.25517,40.36996,45.70612,35.0338
2019-05-24,45.40426,50.55487,40.25365,40.36407,45.70015,35.028
2019-05-23,45.40347,50.54401,40.26292,40.3856,45.70657,35.06464
2019-05-22,45.40199,50.53205,40.27193,40.36238,45.67469,35.05006
2019-05-21,45.38387,50.50629,40.26146,40.38334,45.68038,35.0863
2019-05-20,45.40961,50.4956,40.32362,40.40054,45.66189,35.13918
2019-05-19,45.40995,50.49613,40.32376,40.39439,45.6553,35.13349
2019-05-18,45.41078,50.49752,40.32403,40.39115,45.65195,35.13036
2019-05-17,45.42756,50.50297,40.35215,40.36371,45.61765,35.10977
2019-05-16,45.2653,50.39626,40.13435,39.61678,44.82152,34.41205
2019-05-15,45.27053,50.38826,40.1528,39.60784,44.80063,34.41505
2019-05-14,45.27612,50.38168,40.17056,39.57984,44.76405,34.39563
2019-05-13,45.38092,50.48645,40.27539,39.65493,44.83528,34.47458
2019-05-12,45.42901,50.50544,40.35258,39.65573,44.81231,34.49914
2019-05-11,45.43221,50.5075,40.35693,39.66537,44.82117,34.50957
2019-05-10,45.45971,50.52304,40.39637,39.66517,44.81018,34.52017
2019-05-09,45.46174,50.51419,40.4093,39.66973,44.80332,34.53614
2019-05-08,45.46373,50.50545,40.422,39.67448,44.79681,34.55214
2019-05-07,45.4656,50.49689,40.4343,39.67912,44.79045,34.5678
2019-05-06,45.4472,50.45234,40.44207,39.66858,44.74936,34.5878
2019-05-05,45.45211,50.45632,40.44789,39.68107,44.76113,34.60101
2019-05-04,45.45849,50.46135,40.45563,39.69585,44.77481,34.61689
2019-05-03,45.48914,50.48181,40.49648,39.68132,44.75415,34.60849
2019-05-02,45.51015,50.49373,40.52657,39.72509,44.7883,34.66188
2019-05-01,45.52872,50.50356,40.55389,39.76313,44.8171,34.70916
2019-04-30,45.54144,50.51705,40.56584,39.78912,44.84348,34.73476
2019-04-29,45.50648,50.46784,40.54513,39.76272,44.78897,34.73647
2019-04-28,45.49413,50.44143,40.54683,39.76756,44.77613,34.75898
2019-04-27,45.50465,50.45144,40.55786,39.79044,44.79865,34.78223
2019-04-26,45.50721,50.44709,40.56733,39.79105,44.78968,34.79242
2019-04-25,45.55692,50.48595,40.62789,39.84409,44.83457,34.85362
2019-04-24,45.43712,50.36239,40.51185,40.19793,45.10646,35.2894
2019-04-23,45.4376,50.35548,40.51971,40.18821,45.09036,35.28606
2019-04-22,45.42867,50.34116,40.51619,40.20913,45.1019,35.31636
2019-04-21,45.44134,50.33847,40.54421,40.22665,45.1016,35.3517
2019-04-20,45.46674,50.36343,40.57005,40.26496,45.13979,35.39012
2019-04-19,45.46711,50.35996,40.57425,40.29153,45.15665,35.42642
2019-04-18,45.50795,50.39006,40.62584,40.34004,45.19347,35.48661
2019-04-17,45.52328,50.39764,40.64893,40.36037,45.2053,35.51544
2019-04-16,45.52296,50.39293,40.65299,40.40586,45.23685,35.57487
2019-04-15,45.67727,50.52959,40.82494,40.24153,45.07927,35.40379
2019-04-14,45.70467,50.54829,40.86105,40.28785,45.11723,35.45848
2019-04-13,45.72102,50.56421,40.87782,40.31652,45.14576,35.48727
2019-04-12,45.73693,50.5792,40.89465,40.34392,45.17252,35.51532
2019-04-11,45.75085,50.58473,40.91697,40.353,45.17557,35.53043
2019-04-10,45.75838,50.57672,40.94004,40.3871,45.19035,35.58386
2019-04-09,45.7684,50.58554,40.95125,40.4033,45.20564,35.60096
2019-04-08,46.34439,51.28024,41.40854,41.36514,46.26093,36.46936
2019-04-07,46.35319,51.28727,41.4191,41.37721,46.27163,36.48279
2019-04-06,46.36174,51.2938,41.42967,41.38871,46.28146,36.49595
2019-04-05,46.35876,51.28345,41.43407,41.40292,46.28562,36.52022
2019-04-04,46.37143,51.28514,41.45772,41.42752,46.29723,36.55782
2019-04-03,46.40725,51.30639,41.50811,41.43464,46.29518,36.5741
2019-04-02,46.41046,51.30096,41.51995,41.45313,46.30265,36.6036
2019-04-01,46.63406,51.52567,41.74245,41.28944,46.1699,36.40897
